question,label
Tell me more about the role of viceroys in maintaining stability in their territories during times of conflict.,rag
Can you explain how effective governance contributed to supporting ruling kings in ancient conflicts?,rag
Give me details on the strategies used by administrators to maintain stability in regions threatened by external aggression.,rag
I'm curious about how the fear of aggression from neighboring powers influenced administrative decisions in ancient kingdoms.,rag
"What do you think were the key responsibilities of a viceroy in ancient kingdoms, especially during conflicts?",rag
Do you have any insights on how individual administrators impacted the broader political stability of their regions in ancient times?,rag
"Wow, could you tell me more about the consequences of efficient governance in regions under threat from neighboring powers?",rag
How would you describe the balancing act viceroys performed in balancing local governance with supporting the Great King in ancient conflicts?,rag
Can you explain the role of viceroys in preventing the escalation of conflicts in their regions?,rag
I want to know how the administrative competence of viceroys affected the stability of their territories during conflicts.,rag
